-- MySQL dump 10.18  Distrib 10.3.27-MariaDB, for Linux (x86_64)
--
-- Host: localhost    Database: suamadeira
-- ------------------------------------------------------
-- Server version	10.3.27-MariaDB

/*!40101 SET @OLD_CHARACTER_SET_CLIENT=@@CHARACTER_SET_CLIENT */;
/*!40101 SET @OLD_CHARACTER_SET_RESULTS=@@CHARACTER_SET_RESULTS */;
/*!40101 SET @OLD_COLLATION_CONNECTION=@@COLLATION_CONNECTION */;
/*!40101 SET NAMES utf8mb4 */;
/*!40103 SET @OLD_TIME_ZONE=@@TIME_ZONE */;
/*!40103 SET TIME_ZONE='+00:00' */;
/*!40014 SET @OLD_UNIQUE_CHECKS=@@UNIQUE_CHECKS, UNIQUE_CHECKS=0 */;
/*!40014 SET @OLD_FOREIGN_KEY_CHECKS=@@FOREIGN_KEY_CHECKS, FOREIGN_KEY_CHECKS=0 */;
/*!40101 SET @OLD_SQL_MODE=@@SQL_MODE, SQL_MODE='NO_AUTO_VALUE_ON_ZERO' */;
/*!40111 SET @OLD_SQL_NOTES=@@SQL_NOTES, SQL_NOTES=0 */;

--
-- Table structure for table `marca`
--

SET FOREIGN_KEY_CHECKS=0;
DROP TABLE IF EXISTS `marca`;
/*!40101 SET @saved_cs_client     = @@character_set_client */;
/*!40101 SET character_set_client = utf8 */;
CREATE TABLE `marca` (
  `id_marca` int(9) NOT NULL AUTO_INCREMENT,
  `descricao` varchar(150) DEFAULT NULL,
  `situacao` int(1) DEFAULT NULL,
  `dt_criacao` datetime DEFAULT NULL,
  `dt_modificado` datetime DEFAULT NULL,
  PRIMARY KEY (`id_marca`)
) ENGINE=InnoDB AUTO_INCREMENT=24 DEFAULT CHARSET=utf8;
/*!40101 SET character_set_client = @saved_cs_client */;

--
-- Dumping data for table `marca`
--

LOCK TABLES `marca` WRITE;
/*!40000 ALTER TABLE `marca` DISABLE KEYS */;
INSERT INTO `marca` VALUES (1,'Duratex',1,'2020-11-18 21:41:38','2020-11-18 21:41:38'),(8,'BERNECK',1,'2021-02-04 22:41:13','2021-02-04 22:41:13'),(15,'BERNECK',1,'2021-02-04 22:59:37','2021-02-04 22:59:37'),(16,'BERNECK',1,'2021-02-06 15:38:50','2021-02-06 15:38:50'),(17,'SUDATI',1,'2021-02-06 15:38:54','2021-02-06 15:38:54'),(18,'EUCATEX - MDP',1,'2021-02-06 15:38:57','2021-02-06 15:38:57'),(19,'GREENPLAC',1,'2021-02-06 15:39:02','2021-02-06 15:39:02'),(20,'EUCATEX - MDF',1,'2021-02-06 15:39:04','2021-02-06 15:39:04'),(21,'DURATEX - MDP',1,'2021-02-06 15:39:08','2021-02-06 15:39:08'),(22,'ARAUCO',1,'2021-02-06 15:39:09','2021-02-06 15:39:09'),(23,'GUARARAPES',1,'2021-02-06 15:39:19','2021-02-06 15:39:19');
/*!40000 ALTER TABLE `marca` ENABLE KEYS */;
UNLOCK TABLES;

--
-- Table structure for table `linha`
--

DROP TABLE IF EXISTS `linha`;
/*!40101 SET @saved_cs_client     = @@character_set_client */;
/*!40101 SET character_set_client = utf8 */;
CREATE TABLE `linha` (
  `id_linha` int(9) NOT NULL AUTO_INCREMENT,
  `descricao` varchar(150) DEFAULT NULL,
  `situacao` int(1) DEFAULT NULL,
  `id_marca` int(9) DEFAULT NULL,
  `dt_criacao` datetime DEFAULT NULL,
  `dt_modificado` datetime DEFAULT NULL,
  PRIMARY KEY (`id_linha`),
  KEY `id_marca` (`id_marca`),
  CONSTRAINT `linha_ibfk_1` FOREIGN KEY (`id_marca`) REFERENCES `marca` (`id_marca`)
) ENGINE=InnoDB AUTO_INCREMENT=79 DEFAULT CHARSET=utf8;
/*!40101 SET character_set_client = @saved_cs_client */;

--
-- Dumping data for table `linha`
--

LOCK TABLES `linha` WRITE;
/*!40000 ALTER TABLE `linha` DISABLE KEYS */;
INSERT INTO `linha` VALUES (1,'Singular',1,1,'2020-11-18 21:41:38','2020-11-18 21:41:38'),(2,'Conceito',1,1,'2020-11-18 21:41:38','2020-11-18 21:41:38'),(3,'Cristallo',1,1,'2020-11-18 21:41:38','2020-11-18 21:41:38'),(4,'Design',1,1,'2020-11-18 21:41:39','2020-11-18 21:41:39'),(5,'Essencial Wood',1,1,'2020-11-18 21:41:39','2020-11-18 21:41:39'),(6,'Essencial',1,1,'2020-11-18 21:41:40','2020-11-18 21:41:40'),(7,'Trama',1,1,'2020-11-18 21:41:41','2020-11-18 21:41:41'),(8,'Cross',1,1,'2020-11-18 21:41:42','2020-11-18 21:41:42'),(9,'Prisma',1,8,'2020-11-18 21:41:42','2020-11-18 21:41:42'),(10,'Duna',1,1,'2020-11-18 21:41:43','2020-11-18 21:41:43'),(22,'Synchro',1,15,'2021-02-04 22:59:37','2021-02-04 22:59:37'),(23,'Synchro',1,16,'2021-02-06 15:38:50','2021-02-06 15:38:50'),(24,'ART',1,16,'2021-02-06 15:38:50','2021-02-06 15:38:50'),(25,'Poro',1,16,'2021-02-06 15:38:51','2021-02-06 15:38:51'),(26,'Tatto',1,16,'2021-02-06 15:38:51','2021-02-06 15:38:51'),(27,'Rust',1,16,'2021-02-06 15:38:51','2021-02-06 15:38:51'),(28,'TX',1,16,'2021-02-06 15:38:52','2021-02-06 15:38:52'),(29,'Design',1,16,'2021-02-06 15:38:52','2021-02-06 15:38:52'),(30,'Trend Colors',1,16,'2021-02-06 15:38:53','2021-02-06 15:38:53'),(31,'Unicolors',1,16,'2021-02-06 15:38:53','2021-02-06 15:38:53'),(32,'Matt',1,16,'2021-02-06 15:38:53','2021-02-06 15:38:53'),(33,'Grann',1,16,'2021-02-06 15:38:53','2021-02-06 15:38:53'),(34,'Vel',1,16,'2021-02-06 15:38:54','2021-02-06 15:38:54'),(35,'Play',1,16,'2021-02-06 15:38:54','2021-02-06 15:38:54'),(36,'Naturally',1,17,'2021-02-06 15:38:54','2021-02-06 15:38:54'),(37,'Soul',1,17,'2021-02-06 15:38:56','2021-02-06 15:38:56'),(38,'Unicolores',1,17,'2021-02-06 15:38:56','2021-02-06 15:38:56'),(39,'PADRÃO LACCA CETIN',1,18,'2021-02-06 15:38:57','2021-02-06 15:38:57'),(40,'PADRÃO TX',1,18,'2021-02-06 15:38:57','2021-02-06 15:38:57'),(41,'PADRÃO PERFFECT WOOD',1,18,'2021-02-06 15:38:58','2021-02-06 15:38:58'),(42,'PADRÃO LACCA AD',1,18,'2021-02-06 15:38:59','2021-02-06 15:38:59'),(43,'PADRÃO PERFFECT ONE',1,18,'2021-02-06 15:38:59','2021-02-06 15:38:59'),(44,'PADRÃO NATURAL WOOD',1,18,'2021-02-06 15:39:00','2021-02-06 15:39:00'),(45,'PADRÃO ARENATO',1,18,'2021-02-06 15:39:00','2021-02-06 15:39:00'),(46,'PADRÃO RAÍZES',1,18,'2021-02-06 15:39:01','2021-02-06 15:39:01'),(47,'PADRÃO MADEIRA',1,18,'2021-02-06 15:39:02','2021-02-06 15:39:02'),(48,'PADRÃO PERFFECT TOUCH',1,18,'2021-02-06 15:39:02','2021-02-06 15:39:02'),(49,'PADRÃO CRU',1,18,'2021-02-06 15:39:02','2021-02-06 15:39:02'),(50,'Natural',1,19,'2021-02-06 15:39:02','2021-02-06 15:39:02'),(51,'Moderna',1,19,'2021-02-06 15:39:03','2021-02-06 15:39:03'),(52,'Toccare',1,19,'2021-02-06 15:39:03','2021-02-06 15:39:03'),(53,'Essenziale',1,19,'2021-02-06 15:39:03','2021-02-06 15:39:03'),(54,'Padrão Lacca Metallic',1,20,'2021-02-06 15:39:04','2021-02-06 15:39:04'),(55,'Padrão Lacca Cetin',1,20,'2021-02-06 15:39:04','2021-02-06 15:39:04'),(56,'Padrão TX Premium',1,20,'2021-02-06 15:39:04','2021-02-06 15:39:04'),(57,'Padrão Grafis',1,20,'2021-02-06 15:39:05','2021-02-06 15:39:05'),(58,'Padrão Lacca AD',1,20,'2021-02-06 15:39:05','2021-02-06 15:39:05'),(59,'Padrão Raízes',1,20,'2021-02-06 15:39:06','2021-02-06 15:39:06'),(60,'Padrão CRU',1,20,'2021-02-06 15:39:07','2021-02-06 15:39:07'),(61,'Padrão Matt Plus',1,20,'2021-02-06 15:39:07','2021-02-06 15:39:07'),(62,'Essencial',1,21,'2021-02-06 15:39:08','2021-02-06 15:39:08'),(63,'Original',1,21,'2021-02-06 15:39:08','2021-02-06 15:39:08'),(64,'Quadratta',1,21,'2021-02-06 15:39:09','2021-02-06 15:39:09'),(65,'Lançamentos',1,22,'2021-02-06 15:39:09','2021-02-06 15:39:09'),(66,'Nuances',1,22,'2021-02-06 15:39:09','2021-02-06 15:39:09'),(67,'Style',1,22,'2021-02-06 15:39:10','2021-02-06 15:39:10'),(68,'Fancy',1,22,'2021-02-06 15:39:12','2021-02-06 15:39:12'),(69,'Connection',1,22,'2021-02-06 15:39:15','2021-02-06 15:39:15'),(70,'Balmy',1,22,'2021-02-06 15:39:17','2021-02-06 15:39:17'),(71,'Magma',1,23,'2021-02-06 15:39:19','2021-02-06 15:39:19'),(72,'Dual Syncro',1,23,'2021-02-06 15:39:20','2021-02-06 15:39:20'),(73,'Naturale',1,23,'2021-02-06 15:39:20','2021-02-06 15:39:20'),(74,'Dual Touch',1,23,'2021-02-06 15:39:21','2021-02-06 15:39:21'),(75,'Colors',1,23,'2021-02-06 15:39:22','2021-02-06 15:39:22'),(76,'Metalic',1,23,'2021-02-06 15:39:23','2021-02-06 15:39:23'),(77,'Madeiras do Brasil',1,23,'2021-02-06 15:39:23','2021-02-06 15:39:23'),(78,'Comfort',1,23,'2021-02-06 15:39:23','2021-02-06 15:39:23');
/*!40000 ALTER TABLE `linha` ENABLE KEYS */;
UNLOCK TABLES;

--
-- Table structure for table `cor`
--

DROP TABLE IF EXISTS `cor`;
/*!40101 SET @saved_cs_client     = @@character_set_client */;
/*!40101 SET character_set_client = utf8 */;
CREATE TABLE `cor` (
  `id_cor` int(9) NOT NULL AUTO_INCREMENT,
  `descricao` varchar(150) DEFAULT NULL,
  `situacao` int(1) DEFAULT NULL,
  `id_linha` int(9) DEFAULT NULL,
  `dt_criacao` datetime DEFAULT NULL,
  `dt_modificado` datetime DEFAULT NULL,
  `imagem` varchar(100) DEFAULT NULL,
  PRIMARY KEY (`id_cor`),
  KEY `id_linha` (`id_linha`),
  CONSTRAINT `cor_ibfk_1` FOREIGN KEY (`id_linha`) REFERENCES `linha` (`id_linha`)
) ENGINE=InnoDB AUTO_INCREMENT=533 DEFAULT CHARSET=utf8;
/*!40101 SET character_set_client = @saved_cs_client */;

--
-- Dumping data for table `cor`
--

LOCK TABLES `cor` WRITE;
/*!40000 ALTER TABLE `cor` DISABLE KEYS */;
INSERT INTO `cor` VALUES (1,'Mineral Dourado',1,1,'2020-11-18 21:41:38','2020-11-18 21:41:38','cat-1-0.jpg'),(2,'Calacata',1,1,'2020-11-18 21:41:38','2020-11-18 21:41:38','cat-2-0.jpg'),(3,'Hong Kong',1,2,'2020-11-18 21:41:38','2020-11-18 21:41:38','cat-3-0.jpg'),(4,'Arenito',1,2,'2020-11-18 21:41:38','2020-11-18 21:41:38','cat-4-0.jpg'),(5,'Bolonha',1,2,'2020-11-18 21:41:38','2020-11-18 21:41:38','cat-5-0.jpg'),(6,'Eclipse',1,2,'2020-11-18 21:41:38','2020-11-18 21:41:38','cat-6-0.jpg'),(7,'Gobi',1,2,'2020-11-18 21:41:38','2020-11-18 21:41:38','cat-7-0.jpg'),(8,'Lana',1,2,'2020-11-18 21:41:38','2020-11-18 21:41:38','cat-8-0.jpg'),(9,'Luna4',1,2,'2020-11-18 21:41:38','2020-11-18 21:41:38','cat-9-0.jpg'),(10,'Tramato',1,2,'2020-11-18 21:41:38','2020-11-18 21:41:38','cat-10-0.jpg'),(11,'Utramarino',1,3,'2020-11-18 21:41:39','2020-11-18 21:41:39','cat-11-0.jpg'),(12,'Croma',1,3,'2020-11-18 21:41:39','2020-11-18 21:41:39','cat-12-0.jpg'),(13,'Pau Ferro Natural',1,3,'2020-11-18 21:41:39','2020-11-18 21:41:39','cat-13-0.jpg'),(14,'Branco Diamante',1,3,'2020-11-18 21:41:39','2020-11-18 21:41:39','cat-14-0.jpg'),(15,'Cinza Sagrado',1,3,'2020-11-18 21:41:39','2020-11-18 21:41:39','cat-15-0.jpg'),(16,'Gianduia',1,3,'2020-11-18 21:41:39','2020-11-18 21:41:39','cat-16-0.jpg'),(17,'Maya',1,3,'2020-11-18 21:41:39','2020-11-18 21:41:39','cat-17-0.jpg'),(18,'Opala',1,3,'2020-11-18 21:41:39','2020-11-18 21:41:39','cat-18-0.jpg'),(19,'Preto',1,3,'2020-11-18 21:41:39','2020-11-18 21:41:39','cat-19-0.jpg'),(20,'Titânio',1,3,'2020-11-18 21:41:39','2020-11-18 21:41:39','cat-20-0.jpg'),(21,'Noturno',1,3,'2020-11-18 21:41:39','2020-11-18 21:41:39','cat-21-0.jpg'),(22,'Brise',1,4,'2020-11-18 21:41:39','2020-11-18 21:41:39','cat-22-0.jpg'),(23,'Maranata',1,4,'2020-11-18 21:41:39','2020-11-18 21:41:39','cat-23-0.jpg'),(24,'Carvalho Avelã',1,4,'2020-11-18 21:41:39','2020-11-18 21:41:39','cat-24-0.jpg'),(25,'Carvalho Berlin',1,4,'2020-11-18 21:41:39','2020-11-18 21:41:39','cat-25-0.jpg'),(26,'Carvalho Hanover',1,4,'2020-11-18 21:41:39','2020-11-18 21:41:39','cat-26-0.jpg'),(27,'Carvalho Malva',1,4,'2020-11-18 21:41:39','2020-11-18 21:41:39','cat-27-0.jpg'),(28,'Carvalho Munique',1,4,'2020-11-18 21:41:39','2020-11-18 21:41:39','cat-28-0.jpg'),(29,'Ibiza',1,4,'2020-11-18 21:41:39','2020-11-18 21:41:39','cat-29-0.jpg'),(30,'Metrópole',1,4,'2020-11-18 21:41:39','2020-11-18 21:41:39','cat-30-0.jpg'),(31,'Nogueira Caiena',1,4,'2020-11-18 21:41:39','2020-11-18 21:41:39','cat-31-0.jpg'),(32,'Nogueira Thar',1,4,'2020-11-18 21:41:39','2020-11-18 21:41:39','cat-32-0.jpg'),(33,'Trancoso',1,4,'2020-11-18 21:41:39','2020-11-18 21:41:39','cat-33-0.jpg'),(34,'Cumaru Raiz',1,5,'2020-11-18 21:41:39','2020-11-18 21:41:39','cat-34-0.jpg'),(35,'Carvalho Luar',1,5,'2020-11-18 21:41:40','2020-11-18 21:41:40','cat-35-0.jpg'),(36,'Carvalho Eterno',1,5,'2020-11-18 21:41:40','2020-11-18 21:41:40','cat-36-0.jpg'),(37,'Álamo',1,5,'2020-11-18 21:41:40','2020-11-18 21:41:40','cat-37-0.jpg'),(38,'Itapuã',1,5,'2020-11-18 21:41:40','2020-11-18 21:41:40','cat-38-0.jpg'),(39,'Inhotim',1,5,'2020-11-18 21:41:40','2020-11-18 21:41:40','cat-39-0.jpg'),(40,'Rovere Marsala',1,5,'2020-11-18 21:41:40','2020-11-18 21:41:40','cat-40-0.jpg'),(41,'Carvalho Batur',1,5,'2020-11-18 21:41:40','2020-11-18 21:41:40','cat-41-0.jpg'),(42,'Freijó Puro',1,5,'2020-11-18 21:41:40','2020-11-18 21:41:40','cat-32-0.jpg'),(43,'Artesanal',1,6,'2020-11-18 21:41:40','2020-11-18 21:41:40','cat-43-0.jpg'),(44,'Azul Secreto',1,6,'2020-11-18 21:41:40','2020-11-18 21:41:40','cat-44-0.jpg'),(45,'Branco Diamante',1,6,'2020-11-18 21:41:40','2020-11-18 21:41:40','cat-45-0.jpg'),(46,'Calacata',1,6,'2020-11-18 21:41:40','2020-11-18 21:41:40','cat-46-0.jpg'),(47,'Cinza Sagrado',1,6,'2020-11-18 21:41:40','2020-11-18 21:41:40','cat-47-0.jpg'),(48,'Gepeto',1,6,'2020-11-18 21:41:41','2020-11-18 21:41:41','cat-48-0.jpg'),(49,'Mint',1,6,'2020-11-18 21:41:41','2020-11-18 21:41:41','cat-49-0.jpg'),(50,'Nocê Amêndoa',1,6,'2020-11-18 21:41:41','2020-11-18 21:41:41','cat-50-0.jpg'),(51,'Noce Califórnia',1,6,'2020-11-18 21:41:41','2020-11-18 21:41:41','cat-51-0.jpg'),(52,'Noce Mare',1,6,'2020-11-18 21:41:41','2020-11-18 21:41:41','cat-52-0.jpg'),(53,'Orion',1,6,'2020-11-18 21:41:41','2020-11-18 21:41:41','cat-53-0.jpg'),(54,'Pérola Urbana',1,6,'2020-11-18 21:41:41','2020-11-18 21:41:41','cat-54-0.jpg'),(55,'Portoro',1,6,'2020-11-18 21:41:41','2020-11-18 21:41:41','cat-55-0.jpg'),(56,'Prata',1,6,'2020-11-18 21:41:41','2020-11-18 21:41:41','cat-56-0.jpg'),(57,'Rosa Glamour',1,6,'2020-11-18 21:41:41','2020-11-18 21:41:41','cat-57-0.jpg'),(58,'Rovere Sereno',1,6,'2020-11-18 21:41:41','2020-11-18 21:41:41','cat-58-0.jpg'),(59,'Steel',1,6,'2020-11-18 21:41:41','2020-11-18 21:41:41','cat-59-0.jpg'),(60,'Verde Real',1,6,'2020-11-18 21:41:41','2020-11-18 21:41:41','cat-60-0.jpg'),(61,'Thassos',1,6,'2020-11-18 21:41:41','2020-11-18 21:41:41','cat-61-0.jpg'),(62,'Aurora',1,7,'2020-11-18 21:41:41','2020-11-18 21:41:41',NULL),(63,'Deserto',1,7,'2020-11-18 21:41:41','2020-11-18 21:41:41','cat-63-0.jpg'),(64,'Positano',1,7,'2020-11-18 21:41:41','2020-11-18 21:41:41','cat-64-0.jpg'),(65,'Branco Ártico',1,7,'2020-11-18 21:41:42','2020-11-18 21:41:42','cat-65-0.jpg'),(66,'Branco Diamante',1,7,'2020-11-18 21:41:42','2020-11-18 21:41:42','cat-66-0.jpg'),(67,'Gianduia',1,7,'2020-11-18 21:41:42','2020-11-18 21:41:42','cat-67-0.jpg'),(68,'Grafite',1,7,'2020-11-18 21:41:42','2020-11-18 21:41:42','cat-68-0.jpg'),(69,'Preto',1,7,'2020-11-18 21:41:42','2020-11-18 21:41:42','cat-69-0.jpg'),(70,'Sirena',1,7,'2020-11-18 21:41:42','2020-11-18 21:41:42','cat-70-0.jpg'),(71,'Titânio',1,7,'2020-11-18 21:41:42','2020-11-18 21:41:42','cat-71-0.jpg'),(72,'Carbono',1,7,'2020-11-18 21:41:42','2020-11-18 21:41:42','cat-72-0.jpg'),(73,'Stucco',1,7,'2020-11-18 21:41:42','2020-11-18 21:41:42','cat-73-0.jpg'),(74,'Nobile',1,7,'2020-11-18 21:41:42','2020-11-18 21:41:42','cat-74-0.jpg'),(75,'Yes',1,7,'2020-11-18 21:41:42','2020-11-18 21:41:42','cat-75-0.jpg'),(76,'Arizona',1,8,'2020-11-18 21:41:42','2020-11-18 21:41:42','cat-76-0.jpg'),(77,'Riviera',1,8,'2020-11-18 21:41:42','2020-11-18 21:41:42','cat-77-0.jpg'),(78,'Rústico',1,9,'2020-11-18 21:41:42','2020-11-18 21:41:42','cat-78-0.jpg'),(79,'Larnaca',1,9,'2020-11-18 21:41:42','2020-11-18 21:41:42','cat-79-0.jpg'),(80,'Carvalho Évora',1,9,'2020-11-18 21:41:42','2020-11-18 21:41:42','cat-80-0.jpg'),(81,'Ébano Grigio',1,9,'2020-11-18 21:41:43','2020-11-18 21:41:43','cat-81-0.jpg'),(82,'Nogueira Cadiz',1,9,'2020-11-18 21:41:43','2020-11-18 21:41:43','cat-82-0.jpg'),(83,'Lineo Têxtil',1,9,'2020-11-18 21:41:43','2020-11-18 21:41:43','cat-83-0.jpg'),(84,'Amêndola Rústica',1,10,'2020-11-18 21:41:43','2020-11-18 21:41:43','cat-84-0.jpg'),(97,'Frassino almendra  ',1,22,'2021-02-04 22:59:37','2021-02-04 22:59:37','cat-97-0.jpg'),(98,'Frassino almendra  ',1,23,'2021-02-06 15:38:50','2021-02-06 15:38:50','cat-98-0.jpg'),(99,'Frassino whiskey  ',1,23,'2021-02-06 15:38:50','2021-02-06 15:38:50','cat-99-0.jpg'),(100,'Calcare x',1,24,'2021-02-06 15:38:50','2021-02-06 15:38:50','cat-100-0.jpg'),(101,'Argento rust ',1,24,'2021-02-06 15:38:50','2021-02-06 15:38:50','cat-101-0.jpg'),(102,'Ruggine   ',1,24,'2021-02-06 15:38:50','2021-02-06 15:38:50','cat-102-0.jpg'),(103,'Linen grigio  ',1,24,'2021-02-06 15:38:50','2021-02-06 15:38:50','cat-103-0.jpg'),(104,'Chiaro  ',1,24,'2021-02-06 15:38:50','2021-02-06 15:38:50','cat-104-0.jpg'),(105,'Damasco  ',1,24,'2021-02-06 15:38:50','2021-02-06 15:38:50','cat-105-0.jpg'),(106,'Nogal sevilha   ',1,25,'2021-02-06 15:38:51','2021-02-06 15:38:51','cat-106-0.jpg'),(107,'Maple  ',1,25,'2021-02-06 15:38:51','2021-02-06 15:38:51','cat-107-0.jpg'),(108,'Italian noce x x',1,25,'2021-02-06 15:38:51','2021-02-06 15:38:51','cat-108-0.jpg'),(109,'Wengue valencia   ',1,25,'2021-02-06 15:38:51','2021-02-06 15:38:51','cat-109-0.jpg'),(110,'Carvalho atenas   ',1,25,'2021-02-06 15:38:51','2021-02-06 15:38:51','cat-110-0.jpg'),(111,'Wengue ravena  x  x',1,25,'2021-02-06 15:38:51','2021-02-06 15:38:51','cat-111-0.jpg'),(112,'Carvalho nice   ',1,25,'2021-02-06 15:38:51','2021-02-06 15:38:51','cat-112-0.jpg'),(113,'Baumkuchen x x',1,26,'2021-02-06 15:38:51','2021-02-06 15:38:51','cat-113-0.jpg'),(114,'Barrique  x  x',1,26,'2021-02-06 15:38:51','2021-02-06 15:38:51','cat-114-0.jpg'),(115,'Castaine  ',1,26,'2021-02-06 15:38:51','2021-02-06 15:38:51','cat-115-0.jpg'),(116,'Gengibre  ',1,26,'2021-02-06 15:38:51','2021-02-06 15:38:51','cat-116-0.jpg'),(117,'Peroba   ',1,26,'2021-02-06 15:38:51','2021-02-06 15:38:51','cat-117-0.jpg'),(118,'Nero  ',1,27,'2021-02-06 15:38:52','2021-02-06 15:38:52','cat-118-0.jpg'),(119,'Cinza cobalto  ',1,28,'2021-02-06 15:38:52','2021-02-06 15:38:52','cat-119-0.jpg'),(120,'Metallic suede   ',1,28,'2021-02-06 15:38:52','2021-02-06 15:38:52','cat-120-0.jpg'),(121,'Azul vel trat compensado x',1,28,'2021-02-06 15:38:52','2021-02-06 15:38:52','cat-121-0.jpg'),(122,'Cinza cristal  ',1,28,'2021-02-06 15:38:52','2021-02-06 15:38:52','cat-122-0.jpg'),(123,'Marquina x',1,28,'2021-02-06 15:38:52','2021-02-06 15:38:52','cat-123-0.jpg'),(124,'Branco tx   ',1,28,'2021-02-06 15:38:52','2021-02-06 15:38:52','cat-124-0.jpg'),(125,'Bege   ',1,28,'2021-02-06 15:38:52','2021-02-06 15:38:52','cat-125-0.jpg'),(126,'Cinza argila  x x',1,28,'2021-02-06 15:38:52','2021-02-06 15:38:52','cat-126-0.jpg'),(127,'Preto tx  x x',1,28,'2021-02-06 15:38:52','2021-02-06 15:38:52','cat-127-0.jpg'),(128,'Blackdots   ',1,28,'2021-02-06 15:38:52','2021-02-06 15:38:52','cat-128-0.jpg'),(129,'Nogal turin   ',1,29,'2021-02-06 15:38:52','2021-02-06 15:38:52','cat-129-0.jpg'),(130,'Carvalho treviso trat compensado x',1,29,'2021-02-06 15:38:52','2021-02-06 15:38:52','cat-130-0.jpg'),(131,'Preto design   ',1,29,'2021-02-06 15:38:52','2021-02-06 15:38:52','cat-131-0.jpg'),(132,'Nogal malaga   ',1,29,'2021-02-06 15:38:53','2021-02-06 15:38:53','cat-132-0.jpg'),(133,'Chumbo x',1,30,'2021-02-06 15:38:53','2021-02-06 15:38:53','cat-133-0.jpg'),(134,'Ceramik x',1,30,'2021-02-06 15:38:53','2021-02-06 15:38:53','cat-134-0.jpg'),(135,'Nude  x x',1,30,'2021-02-06 15:38:53','2021-02-06 15:38:53','cat-135-0.jpg'),(136,'Sky  x x',1,30,'2021-02-06 15:38:53','2021-02-06 15:38:53','cat-136-0.jpg'),(137,'Super white   ',1,31,'2021-02-06 15:38:53','2021-02-06 15:38:53','cat-137-0.jpg'),(138,'Preto tx  x x ()',1,31,'2021-02-06 15:38:53','2021-02-06 15:38:53','cat-138-0.jpg'),(139,'Azul vel  x  x',1,31,'2021-02-06 15:38:53','2021-02-06 15:38:53','cat-139-0.jpg'),(140,'Millennial x',1,32,'2021-02-06 15:38:53','2021-02-06 15:38:53','cat-140-0.jpg'),(141,'Cinamomo x',1,33,'2021-02-06 15:38:53','2021-02-06 15:38:53','cat-141-0.jpg'),(142,'Compensato alta x',1,33,'2021-02-06 15:38:53','2021-02-06 15:38:53','cat-142-0.jpg'),(143,'Louro freijó  x   x',1,33,'2021-02-06 15:38:53','2021-02-06 15:38:53','cat-143-0.jpg'),(144,'Cacau colecao nomade berneck mdp mdf',1,33,'2021-02-06 15:38:53','2021-02-06 15:38:53','cat-144-0.jpg'),(145,'Louro preto  x x',1,33,'2021-02-06 15:38:53','2021-02-06 15:38:53','cat-145-0.jpg'),(146,'Solanum colecao nomade berneck mdp mdf',1,33,'2021-02-06 15:38:53','2021-02-06 15:38:53','cat-146-0.jpg'),(147,'Galiano x',1,33,'2021-02-06 15:38:53','2021-02-06 15:38:53','cat-147-0.jpg'),(148,'Griseo colecao nomade berneck mdp mdf',1,33,'2021-02-06 15:38:54','2021-02-06 15:38:54','cat-148-0.jpg'),(149,'Faia  ',1,33,'2021-02-06 15:38:54','2021-02-06 15:38:54','cat-149-0.jpg'),(150,'Panama x',1,34,'2021-02-06 15:38:54','2021-02-06 15:38:54','cat-150-0.jpg'),(151,'Branco vel  x',1,34,'2021-02-06 15:38:54','2021-02-06 15:38:54','cat-151-0.jpg'),(152,'Denim colecao nomade berneck mdp mdf',1,34,'2021-02-06 15:38:54','2021-02-06 15:38:54','cat-152-0.jpg'),(153,'Branco',1,28,'2021-02-06 15:38:54','2021-02-06 15:38:54','cat-153-0.jpg'),(154,'Mineral',1,28,'2021-02-06 15:38:54','2021-02-06 15:38:54','cat-154-0.jpg'),(155,'Preto tx',1,28,'2021-02-06 15:38:54','2021-02-06 15:38:54','cat-155-0.jpg'),(156,'Bege',1,28,'2021-02-06 15:38:54','2021-02-06 15:38:54','cat-156-0.jpg'),(157,'Glamour',1,28,'2021-02-06 15:38:54','2021-02-06 15:38:54','cat-157-0.jpg'),(158,'Cinza cristal',1,28,'2021-02-06 15:38:54','2021-02-06 15:38:54','cat-158-0.jpg'),(159,'Vulcano',1,28,'2021-02-06 15:38:54','2021-02-06 15:38:54','cat-159-0.jpg'),(160,'Cabernet',1,36,'2021-02-06 15:38:54','2021-02-06 15:38:54','cat-160-0.jpg'),(161,'Corazzi',1,36,'2021-02-06 15:38:54','2021-02-06 15:38:54','cat-161-0.jpg'),(162,'Carmenere',1,36,'2021-02-06 15:38:55','2021-02-06 15:38:55','cat-162-0.jpg'),(163,'Molinara',1,36,'2021-02-06 15:38:55','2021-02-06 15:38:55','cat-163-0.jpg'),(164,'Bellini',1,36,'2021-02-06 15:38:55','2021-02-06 15:38:55','cat-164-0.jpg'),(165,'Versati',1,36,'2021-02-06 15:38:55','2021-02-06 15:38:55','cat-165-0.jpg'),(166,'Imbuia',1,36,'2021-02-06 15:38:55','2021-02-06 15:38:55','cat-166-0.jpg'),(167,'Leon',1,36,'2021-02-06 15:38:55','2021-02-06 15:38:55','cat-167-0.jpg'),(168,'Tempranillo',1,36,'2021-02-06 15:38:55','2021-02-06 15:38:55','cat-168-0.jpg'),(169,'Moscato',1,36,'2021-02-06 15:38:55','2021-02-06 15:38:55','cat-169-0.jpg'),(170,'Nebbiolo',1,36,'2021-02-06 15:38:55','2021-02-06 15:38:55','cat-170-0.jpg'),(171,'Bianco ravena',1,36,'2021-02-06 15:38:55','2021-02-06 15:38:55','cat-171-0.jpg'),(172,'Trebbiano blanc',1,36,'2021-02-06 15:38:55','2021-02-06 15:38:55','cat-172-0.jpg'),(173,'Nerello',1,36,'2021-02-06 15:38:55','2021-02-06 15:38:55','cat-173-0.jpg'),(174,'Monastrell',1,36,'2021-02-06 15:38:55','2021-02-06 15:38:55','cat-174-0.jpg'),(175,'Louro freijo',1,36,'2021-02-06 15:38:55','2021-02-06 15:38:55','cat-175-0.jpg'),(176,'Carvalho lino',1,36,'2021-02-06 15:38:55','2021-02-06 15:38:55','cat-176-0.jpg'),(177,'Rustic bari',1,36,'2021-02-06 15:38:55','2021-02-06 15:38:55','cat-177-0.jpg'),(178,'Chenin blanc',1,36,'2021-02-06 15:38:55','2021-02-06 15:38:55','cat-178-0.jpg'),(179,'Carvalho castelli',1,36,'2021-02-06 15:38:55','2021-02-06 15:38:55','cat-179-0.jpg'),(180,'Merlot',1,36,'2021-02-06 15:38:55','2021-02-06 15:38:55','cat-180-0.jpg'),(181,'Carvalho natural',1,36,'2021-02-06 15:38:56','2021-02-06 15:38:56','cat-181-0.jpg'),(182,'Pisano',1,37,'2021-02-06 15:38:56','2021-02-06 15:38:56','cat-182-0.jpg'),(183,'Asti',1,37,'2021-02-06 15:38:56','2021-02-06 15:38:56','cat-183-0.jpg'),(184,'Alighieri',1,37,'2021-02-06 15:38:56','2021-02-06 15:38:56','cat-184-0.jpg'),(185,'Bracciolini',1,37,'2021-02-06 15:38:56','2021-02-06 15:38:56','cat-185-0.jpg'),(186,'Alessi',1,37,'2021-02-06 15:38:56','2021-02-06 15:38:56','cat-186-0.jpg'),(187,'Sofisticato',1,37,'2021-02-06 15:38:56','2021-02-06 15:38:56','cat-187-0.jpg'),(188,'Arinto',1,37,'2021-02-06 15:38:56','2021-02-06 15:38:56','cat-188-0.jpg'),(189,'Rosselli',1,37,'2021-02-06 15:38:56','2021-02-06 15:38:56','cat-189-0.jpg'),(190,'Botticelli',1,37,'2021-02-06 15:38:56','2021-02-06 15:38:56','cat-190-0.jpg'),(191,'Lina',1,37,'2021-02-06 15:38:56','2021-02-06 15:38:56','cat-191-0.jpg'),(192,'Santiago',1,38,'2021-02-06 15:38:56','2021-02-06 15:38:56','cat-192-0.jpg'),(193,'Floripa',1,38,'2021-02-06 15:38:56','2021-02-06 15:38:56','cat-193-0.jpg'),(194,'Argel',1,38,'2021-02-06 15:38:56','2021-02-06 15:38:56','cat-194-0.jpg'),(195,'Manhattan',1,38,'2021-02-06 15:38:56','2021-02-06 15:38:56','cat-195-0.jpg'),(196,'Cambiasi',1,38,'2021-02-06 15:38:57','2021-02-06 15:38:57','cat-196-0.jpg'),(197,'Havana',1,38,'2021-02-06 15:38:57','2021-02-06 15:38:57','cat-197-0.jpg'),(198,'Amazonia',1,38,'2021-02-06 15:38:57','2021-02-06 15:38:57','cat-198-0.jpg'),(199,' mdp eucaprint lacca cetin bianco artico  ',1,39,'2021-02-06 15:38:57','2021-02-06 15:38:57','cat-199-0.jpg'),(200,' mdp eucaprint lacca cetin grafite intenso  ',1,39,'2021-02-06 15:38:57','2021-02-06 15:38:57','cat-200-0.jpg'),(201,' mdp eucaprint lacca cetin rosa  ',1,39,'2021-02-06 15:38:57','2021-02-06 15:38:57','cat-201-0.jpg'),(202,' mdp eucaprint bp texturizado bianco artico  ',1,40,'2021-02-06 15:38:57','2021-02-06 15:38:57','cat-202-0.jpg'),(203,' mdp eucaprint bp texturizado bege light  ',1,40,'2021-02-06 15:38:57','2021-02-06 15:38:57','cat-203-0.jpg'),(204,' mdp eucaprint bp texturizado cinza cristal light  ',1,40,'2021-02-06 15:38:57','2021-02-06 15:38:57','cat-204-0.jpg'),(205,' mdp eucaprint bp texturizado concreto  ',1,40,'2021-02-06 15:38:57','2021-02-06 15:38:57','cat-205-0.jpg'),(206,' mdp eucaprint bp texturizado nero marquina  ',1,40,'2021-02-06 15:38:57','2021-02-06 15:38:57','cat-206-0.jpg'),(207,' mdp eucaprint bp texturizado argila  ',1,40,'2021-02-06 15:38:57','2021-02-06 15:38:57','cat-207-0.jpg'),(208,' mdp eucaprint bp texturizado trentino  ',1,40,'2021-02-06 15:38:57','2021-02-06 15:38:57','cat-208-0.jpg'),(209,' mdp eucaprint bp texturizado branco light  ',1,40,'2021-02-06 15:38:57','2021-02-06 15:38:57','cat-209-0.jpg'),(210,' mdp eucaprint bp texturizado azul royal  ',1,40,'2021-02-06 15:38:57','2021-02-06 15:38:57','cat-210-0.jpg'),(211,' mdp eucaprint bp texturizado preto  ',1,40,'2021-02-06 15:38:57','2021-02-06 15:38:57','cat-211-0.jpg'),(212,' mdp eucaprint bp texturizado cinza cobalto  ',1,40,'2021-02-06 15:38:57','2021-02-06 15:38:57','cat-212-0.jpg'),(213,' mdp eucaprint perffect wood madeira oak  ',1,41,'2021-02-06 15:38:58','2021-02-06 15:38:58','cat-213-0.jpg'),(214,' mdp eucaprint perffect wood nogueira casablanca  ',1,41,'2021-02-06 15:38:58','2021-02-06 15:38:58','cat-214-0.jpg'),(215,' mdp eucaprint perffect wood nogueira san remo  ',1,41,'2021-02-06 15:38:58','2021-02-06 15:38:58','cat-215-0.jpg'),(216,' mdp eucaprint perffect wood bianco artico  ',1,41,'2021-02-06 15:38:58','2021-02-06 15:38:58','cat-216-0.jpg'),(217,' mdp eucaprint perffect wood castanho affara  ',1,41,'2021-02-06 15:38:58','2021-02-06 15:38:58','cat-217-0.jpg'),(218,' mdp eucaprint perffect wood carvalho nevada  ',1,41,'2021-02-06 15:38:58','2021-02-06 15:38:58','cat-218-0.jpg'),(219,' mdp eucaprint perffect wood montana  ',1,41,'2021-02-06 15:38:58','2021-02-06 15:38:58','cat-219-0.jpg'),(220,' mdp eucaprint perffect wood carvalho montreal  ',1,41,'2021-02-06 15:38:58','2021-02-06 15:38:58','cat-220-0.jpg'),(221,' mdp eucaprint perffect wood legno crema  ',1,41,'2021-02-06 15:38:58','2021-02-06 15:38:58','cat-221-0.jpg'),(222,' mdp eucaprint perffect wood aveiro oak  ',1,41,'2021-02-06 15:38:58','2021-02-06 15:38:58','cat-222-0.jpg'),(223,' mdp eucaprint perffect wood castanho velazquez  ',1,41,'2021-02-06 15:38:58','2021-02-06 15:38:58','cat-223-0.jpg'),(224,' mdp eucaprint perffect wood carvalho sintra  ',1,41,'2021-02-06 15:38:58','2021-02-06 15:38:58','cat-224-0.jpg'),(225,' mdp eucaprint perffect wood carvalho cordilheira  ',1,41,'2021-02-06 15:38:58','2021-02-06 15:38:58','cat-225-0.jpg'),(226,' mdp eucaprint perffect wood carvalho smoked  ',1,41,'2021-02-06 15:38:58','2021-02-06 15:38:58','cat-226-0.jpg'),(227,' mdp eucaprint perffect wood freixo  ',1,41,'2021-02-06 15:38:58','2021-02-06 15:38:58','cat-227-0.jpg'),(228,' mdp eucaprint perffect wood castanho argel  ',1,41,'2021-02-06 15:38:58','2021-02-06 15:38:58','cat-228-0.jpg'),(229,' mdp eucaprint perffect wood legno blanche  ',1,41,'2021-02-06 15:38:59','2021-02-06 15:38:59','cat-229-0.jpg'),(230,' mdp eucaprint perffect wood carvalho cartagena  ',1,41,'2021-02-06 15:38:59','2021-02-06 15:38:59','cat-230-0.jpg'),(231,' mdp eucaprint perffect wood castanho tannat  ',1,41,'2021-02-06 15:38:59','2021-02-06 15:38:59','cat-231-0.jpg'),(232,' mdp eucaprint perffect wood fresno decape  ',1,41,'2021-02-06 15:38:59','2021-02-06 15:38:59','cat-232-0.jpg'),(233,' mdp eucaprint perffect wood elmo natural  ',1,41,'2021-02-06 15:38:59','2021-02-06 15:38:59','cat-233-0.jpg'),(234,' mdp eucaprint perffect wood tabaco brasil  ',1,41,'2021-02-06 15:38:59','2021-02-06 15:38:59','cat-234-0.jpg'),(235,' mdp eucaprint lacca ad azul neon  ',1,42,'2021-02-06 15:38:59','2021-02-06 15:38:59','cat-235-0.jpg'),(236,' mdp eucaprint lacca ad preto onix  ',1,42,'2021-02-06 15:38:59','2021-02-06 15:38:59','cat-236-0.jpg'),(237,' mdp eucaprint lacca ad bianco artico branco neve  ',1,42,'2021-02-06 15:38:59','2021-02-06 15:38:59','cat-237-0.jpg'),(238,' mdp eucaprint lacca ad carvalho smoked  ',1,42,'2021-02-06 15:38:59','2021-02-06 15:38:59','cat-238-0.jpg'),(239,' mdp eucaprint lacca ad amlarelo gema  ',1,42,'2021-02-06 15:38:59','2021-02-06 15:38:59','cat-239-0.jpg'),(240,' mdp eucaprint lacca ad pink  ',1,42,'2021-02-06 15:38:59','2021-02-06 15:38:59','cat-240-0.jpg'),(241,' mdp eucaprint lacca ad bianco artico preto onix  ',1,42,'2021-02-06 15:38:59','2021-02-06 15:38:59','cat-241-0.jpg'),(242,' mdp eucaprint perffect one tecido nude  ',1,43,'2021-02-06 15:38:59','2021-02-06 15:38:59','cat-242-0.jpg'),(243,' mdp eucaprint perffect one bianco artico  ',1,43,'2021-02-06 15:38:59','2021-02-06 15:38:59','cat-243-0.jpg'),(244,' mdp eucaprint perffect one concreto gris  ',1,43,'2021-02-06 15:38:59','2021-02-06 15:38:59','cat-244-0.jpg'),(245,' mdp eucaprint perffect one branco real  ',1,43,'2021-02-06 15:39:00','2021-02-06 15:39:00','cat-245-0.jpg'),(246,' mdp eucaprint perffect one fresno sbiancato  ',1,43,'2021-02-06 15:39:00','2021-02-06 15:39:00','cat-246-0.jpg'),(247,' mdp eucaprint perffect one montana  ',1,43,'2021-02-06 15:39:00','2021-02-06 15:39:00','cat-247-0.jpg'),(248,' mdp eucaprint bp natural wood nogueira casablanca  ',1,44,'2021-02-06 15:39:00','2021-02-06 15:39:00','cat-248-0.jpg'),(249,' mdp eucaprint bp natural wood legno blanche  ',1,44,'2021-02-06 15:39:00','2021-02-06 15:39:00','cat-249-0.jpg'),(250,' mdp eucaprint bp natural wood kalahari  ',1,44,'2021-02-06 15:39:00','2021-02-06 15:39:00','cat-250-0.jpg'),(251,' mdp eucaprint bp natural wood italian noce  ',1,44,'2021-02-06 15:39:00','2021-02-06 15:39:00','cat-251-0.jpg'),(252,' mdp eucaprint bp natural wood elmo natural  ',1,44,'2021-02-06 15:39:00','2021-02-06 15:39:00','cat-252-0.jpg'),(253,' mdp eucaprint bp natural wood frassino crema  ',1,44,'2021-02-06 15:39:00','2021-02-06 15:39:00','cat-253-0.jpg'),(254,' mdp eucaprint bp natural wood elmo macciato  ',1,44,'2021-02-06 15:39:00','2021-02-06 15:39:00','cat-254-0.jpg'),(255,' mdp eucaprint bp natural wood castanho tannat  ',1,44,'2021-02-06 15:39:00','2021-02-06 15:39:00','cat-255-0.jpg'),(256,' mdp eucaprint bp natural wood legno crema  ',1,44,'2021-02-06 15:39:00','2021-02-06 15:39:00','cat-256-0.jpg'),(257,' mdp eucaprint bp natural wood linho  ',1,44,'2021-02-06 15:39:00','2021-02-06 15:39:00','cat-257-0.jpg'),(258,' mdp eucaprint bp natural wood fresno sbiancato  ',1,44,'2021-02-06 15:39:00','2021-02-06 15:39:00','cat-258-0.jpg'),(259,' mdp eucaprint bp arenato carvalho corten  ',1,45,'2021-02-06 15:39:01','2021-02-06 15:39:01','cat-259-0.jpg'),(260,' mdp eucaprint bp arenato castanho velazquez  ',1,45,'2021-02-06 15:39:01','2021-02-06 15:39:01','cat-260-0.jpg'),(261,' mdp eucaprint bp arenato rustico  ',1,45,'2021-02-06 15:39:01','2021-02-06 15:39:01','cat-261-0.jpg'),(262,' mdp eucaprint bp arenato nogueira terra  ',1,45,'2021-02-06 15:39:01','2021-02-06 15:39:01','cat-262-0.jpg'),(263,' mdp eucaprint bp arenato antique wood  ',1,45,'2021-02-06 15:39:01','2021-02-06 15:39:01','cat-263-0.jpg'),(264,' mdp eucaprint bp arenato wengue dourado  ',1,45,'2021-02-06 15:39:01','2021-02-06 15:39:01','cat-264-0.jpg'),(265,' mdp eucaprint bp raizes nordico  ',1,46,'2021-02-06 15:39:01','2021-02-06 15:39:01','cat-265-0.jpg'),(266,' mdp eucaprint bp raizes eucalipto  ',1,46,'2021-02-06 15:39:01','2021-02-06 15:39:01','cat-266-0.jpg'),(267,' mdp eucaprint bp raizes noce oro  ',1,46,'2021-02-06 15:39:01','2021-02-06 15:39:01','cat-267-0.jpg'),(268,' mdp eucaprint bp raizes imbuia terra  ',1,46,'2021-02-06 15:39:01','2021-02-06 15:39:01','cat-268-0.jpg'),(269,' mdp eucaprint bp raizes arenas  ',1,46,'2021-02-06 15:39:01','2021-02-06 15:39:01','cat-269-0.jpg'),(270,' mdp eucaprint bp raizes carbono  ',1,46,'2021-02-06 15:39:01','2021-02-06 15:39:01','cat-270-0.jpg'),(271,' mdp eucaprint bp raizes lamina dourada  ',1,46,'2021-02-06 15:39:01','2021-02-06 15:39:01','cat-271-0.jpg'),(272,' mdp eucaprint bp raizes freijo ambar  ',1,46,'2021-02-06 15:39:01','2021-02-06 15:39:01','cat-272-0.jpg'),(273,' mdp eucaprint bp raizes cinnamon  ',1,46,'2021-02-06 15:39:02','2021-02-06 15:39:02','cat-273-0.jpg'),(274,' mdp eucaprint bp madeira chocolate fineline  ',1,47,'2021-02-06 15:39:02','2021-02-06 15:39:02','cat-274-0.jpg'),(275,' mdp eucaprint perffect touch verde bellagio  ',1,48,'2021-02-06 15:39:02','2021-02-06 15:39:02','cat-275-0.jpg'),(276,' mdp eucaprint perffect touch fume  ',1,48,'2021-02-06 15:39:02','2021-02-06 15:39:02','cat-276-0.jpg'),(277,' mdp eucaprint perffect touch branco  ',1,48,'2021-02-06 15:39:02','2021-02-06 15:39:02','cat-277-0.jpg'),(278,' mdp eucaprint perffect touch nogueira san remo  ',1,48,'2021-02-06 15:39:02','2021-02-06 15:39:02','cat-278-0.jpg'),(279,' mdp eucaprint perffect touch grafite intenso  ',1,48,'2021-02-06 15:39:02','2021-02-06 15:39:02','cat-279-0.jpg'),(280,' mdp eucaprint perffect touch oxid  ',1,48,'2021-02-06 15:39:02','2021-02-06 15:39:02','cat-280-0.jpg'),(281,' mdp eucasuper cru  ',1,49,'2021-02-06 15:39:02','2021-02-06 15:39:02','cat-281-0.jpg'),(282,'Bali',1,50,'2021-02-06 15:39:02','2021-02-06 15:39:02','cat-282-0.jpg'),(283,'Noronha',1,50,'2021-02-06 15:39:02','2021-02-06 15:39:02','cat-283-0.jpg'),(284,'Freijo amazonas',1,50,'2021-02-06 15:39:02','2021-02-06 15:39:02','cat-284-0.jpg'),(285,'Villandry',1,50,'2021-02-06 15:39:02','2021-02-06 15:39:02','cat-285-0.jpg'),(286,'Jade',1,50,'2021-02-06 15:39:02','2021-02-06 15:39:02','cat-286-0.jpg'),(287,'MÁlaga',1,50,'2021-02-06 15:39:02','2021-02-06 15:39:02','cat-287-0.jpg'),(288,'Cilento',1,50,'2021-02-06 15:39:03','2021-02-06 15:39:03','cat-288-0.jpg'),(289,'Versalhes',1,50,'2021-02-06 15:39:03','2021-02-06 15:39:03','cat-289-0.jpg'),(290,'Build',1,51,'2021-02-06 15:39:03','2021-02-06 15:39:03','cat-290-0.jpg'),(291,'Style',1,51,'2021-02-06 15:39:03','2021-02-06 15:39:03','cat-291-0.jpg'),(292,'Pietra bronze',1,51,'2021-02-06 15:39:03','2021-02-06 15:39:03','cat-292-0.jpg'),(293,'Duo',1,51,'2021-02-06 15:39:03','2021-02-06 15:39:03','cat-293-0.jpg'),(294,'Inova',1,51,'2021-02-06 15:39:03','2021-02-06 15:39:03','cat-294-0.jpg'),(295,'Unique',1,51,'2021-02-06 15:39:03','2021-02-06 15:39:03','cat-295-0.jpg'),(296,'Urban',1,51,'2021-02-06 15:39:03','2021-02-06 15:39:03','cat-296-0.jpg'),(297,'Raven',1,53,'2021-02-06 15:39:03','2021-02-06 15:39:03','cat-297-0.jpg'),(298,'Siena',1,53,'2021-02-06 15:39:03','2021-02-06 15:39:03','cat-298-0.jpg'),(299,'Prussian',1,53,'2021-02-06 15:39:03','2021-02-06 15:39:03','cat-299-0.jpg'),(300,'Garanza',1,53,'2021-02-06 15:39:04','2021-02-06 15:39:04','cat-300-0.jpg'),(301,'Araton',1,53,'2021-02-06 15:39:04','2021-02-06 15:39:04','cat-301-0.jpg'),(302,'Pale',1,53,'2021-02-06 15:39:04','2021-02-06 15:39:04','cat-302-0.jpg'),(303,'Caput',1,53,'2021-02-06 15:39:04','2021-02-06 15:39:04','cat-303-0.jpg'),(304,' mdf eucafibra lacca metallic galaxia  ',1,54,'2021-02-06 15:39:04','2021-02-06 15:39:04','cat-304-0.jpg'),(305,' mdf eucafibra lacca metallic oxid  ',1,54,'2021-02-06 15:39:04','2021-02-06 15:39:04','cat-305-0.jpg'),(306,' mdf eucafibra lacca metallic bianco perlato  ',1,54,'2021-02-06 15:39:04','2021-02-06 15:39:04','cat-306-0.jpg'),(307,' mdf eucafibra lacca metallic argento  ',1,54,'2021-02-06 15:39:04','2021-02-06 15:39:04','cat-307-0.jpg'),(308,' mdf eucafibra lacca metallic cobre  ',1,54,'2021-02-06 15:39:04','2021-02-06 15:39:04','cat-308-0.jpg'),(309,' mdf eucafibra lacca metallic escovado  ',1,54,'2021-02-06 15:39:04','2021-02-06 15:39:04','cat-309-0.jpg'),(310,' mdf eucafibra lacca cetin grafite intenso  ',1,55,'2021-02-06 15:39:04','2021-02-06 15:39:04','cat-310-0.jpg'),(311,' mdf eucafibra lacca cetin fume  ',1,55,'2021-02-06 15:39:04','2021-02-06 15:39:04','cat-311-0.jpg'),(312,' mdf eucafibra tx premium bianco artico  ',1,56,'2021-02-06 15:39:04','2021-02-06 15:39:04','cat-312-0.jpg'),(313,' mdf eucafibra tx premium preto  ',1,56,'2021-02-06 15:39:05','2021-02-06 15:39:05','cat-313-0.jpg'),(314,' eucafibra bp grafis fume classico  ',1,57,'2021-02-06 15:39:05','2021-02-06 15:39:05','cat-314-0.jpg'),(315,' eucafibra bp grafis verde amalfi  ',1,57,'2021-02-06 15:39:05','2021-02-06 15:39:05','cat-315-0.jpg'),(316,' eucafibra bp grafis trama beige  ',1,57,'2021-02-06 15:39:05','2021-02-06 15:39:05','cat-316-0.jpg'),(317,' eucafibra bp grafis cinnamon  ',1,57,'2021-02-06 15:39:05','2021-02-06 15:39:05','cat-317-0.jpg'),(318,' eucafibra bp grafis arenas  ',1,57,'2021-02-06 15:39:05','2021-02-06 15:39:05','cat-318-0.jpg'),(319,' eucafibra bp grafis trama gris  ',1,57,'2021-02-06 15:39:05','2021-02-06 15:39:05','cat-319-0.jpg'),(320,' mdf eucafibra lacca ad fume  ',1,58,'2021-02-06 15:39:05','2021-02-06 15:39:05','cat-320-0.jpg'),(321,' mdf eucafibra lacca ad verde bellagio  ',1,58,'2021-02-06 15:39:05','2021-02-06 15:39:05','cat-321-0.jpg'),(322,' mdf eucafibra lacca ad terracota  ',1,58,'2021-02-06 15:39:05','2021-02-06 15:39:05','cat-322-0.jpg'),(323,' mdf eucafibra lacca ad grafite intenso  ',1,58,'2021-02-06 15:39:05','2021-02-06 15:39:05','cat-323-0.jpg'),(324,' mdf eucafibra lacca ad azul mediterraneo  ',1,58,'2021-02-06 15:39:05','2021-02-06 15:39:05','cat-324-0.jpg'),(325,' mdf eucafibra lacca ad desert rose  ',1,58,'2021-02-06 15:39:05','2021-02-06 15:39:05','cat-325-0.jpg'),(326,' mdf eucafibra lacca ad cinza italia  ',1,58,'2021-02-06 15:39:05','2021-02-06 15:39:05','cat-326-0.jpg'),(327,' mdf eucafibra lacca ad branco neve  ',1,58,'2021-02-06 15:39:05','2021-02-06 15:39:05','cat-327-0.jpg'),(328,' mdf eucafibra lacca ad preto onix  ',1,58,'2021-02-06 15:39:06','2021-02-06 15:39:06','cat-328-0.jpg'),(329,' mdf eucafibra lacca ad italian noce  ',1,58,'2021-02-06 15:39:06','2021-02-06 15:39:06','cat-329-0.jpg'),(330,' mdf eucafibra lacca ad vermelho scarlate  ',1,58,'2021-02-06 15:39:06','2021-02-06 15:39:06','cat-330-0.jpg'),(331,' mdf eucafibra lacca ad amarelo gema  ',1,58,'2021-02-06 15:39:06','2021-02-06 15:39:06','cat-331-0.jpg'),(332,' mdf eucafibra bp raizes noce oro  ',1,59,'2021-02-06 15:39:06','2021-02-06 15:39:06','cat-332-0.jpg'),(333,' mdf eucafibra bp raizes lamina dourada  ',1,59,'2021-02-06 15:39:06','2021-02-06 15:39:06','cat-333-0.jpg'),(334,' mdf eucafibra bp raizes imbuia terra  ',1,59,'2021-02-06 15:39:06','2021-02-06 15:39:06','cat-334-0.jpg'),(335,' mdf eucafibra bp raizes lamina naturalle  ',1,59,'2021-02-06 15:39:06','2021-02-06 15:39:06','cat-335-0.jpg'),(336,' mdf eucafibra bp raizes freijo escuro  ',1,59,'2021-02-06 15:39:06','2021-02-06 15:39:06','cat-336-0.jpg'),(337,' mdf eucafibra bp raizes nordico  ',1,59,'2021-02-06 15:39:06','2021-02-06 15:39:06','cat-337-0.jpg'),(338,' mdf eucafibra bp raizes carbono  ',1,59,'2021-02-06 15:39:06','2021-02-06 15:39:06','cat-338-0.jpg'),(339,' mdf eucafibra bp raizes freijo ambar  ',1,59,'2021-02-06 15:39:06','2021-02-06 15:39:06','cat-339-0.jpg'),(340,' mdf eucafibra bp raizes carvalho canela retrofit  ',1,59,'2021-02-06 15:39:06','2021-02-06 15:39:06','cat-340-0.jpg'),(341,' mdf eucafibra cru cru  ',1,60,'2021-02-06 15:39:07','2021-02-06 15:39:07','cat-341-0.jpg'),(342,' mdf eucafibra bp matt plus italian noce retrofit  ',1,61,'2021-02-06 15:39:07','2021-02-06 15:39:07','cat-342-0.jpg'),(343,' mdf eucafibra bp matt plus elmo macciato  ',1,61,'2021-02-06 15:39:07','2021-02-06 15:39:07','cat-343-0.jpg'),(344,' mdf eucafibra bp matt plus rosa  ',1,61,'2021-02-06 15:39:07','2021-02-06 15:39:07','cat-344-0.jpg'),(345,' mdf eucafibra bp matt plus legno crema  ',1,61,'2021-02-06 15:39:07','2021-02-06 15:39:07','cat-345-0.jpg'),(346,' mdf eucafibra bp matt plus botticino  ',1,61,'2021-02-06 15:39:07','2021-02-06 15:39:07','cat-346-0.jpg'),(347,' mdf eucafibra bp matt plus branco max  ',1,61,'2021-02-06 15:39:07','2021-02-06 15:39:07','cat-347-0.jpg'),(348,' mdf eucafibra bp matt plus castanho bronze  ',1,61,'2021-02-06 15:39:08','2021-02-06 15:39:08','cat-348-0.jpg'),(349,' mdf eucafibra bp matt plus grani  ',1,61,'2021-02-06 15:39:08','2021-02-06 15:39:08','cat-349-0.jpg'),(350,'Rosa glamour padrao essencial x ',1,62,'2021-02-06 15:39:08','2021-02-06 15:39:08','cat-350-0.jpg'),(351,'Azul secreto padrao essencial x ',1,62,'2021-02-06 15:39:08','2021-02-06 15:39:08','cat-351-0.jpg'),(352,'Cinza sagrado padrao essencial x ',1,62,'2021-02-06 15:39:08','2021-02-06 15:39:08','cat-352-0.jpg'),(353,'Padrao essencial mint x',1,62,'2021-02-06 15:39:08','2021-02-06 15:39:08','cat-353-0.jpg'),(354,'Verde real essencial x ',1,62,'2021-02-06 15:39:08','2021-02-06 15:39:08','cat-354-0.jpg'),(355,'Padrao essencial artesanal x',1,62,'2021-02-06 15:39:08','2021-02-06 15:39:08','cat-355-0.jpg'),(356,'Perola urbana padrao essencial x ',1,62,'2021-02-06 15:39:08','2021-02-06 15:39:08','cat-356-0.jpg'),(357,'Padrao essencial steel x',1,62,'2021-02-06 15:39:08','2021-02-06 15:39:08','cat-357-0.jpg'),(358,'Gepeto padrao essencial x ',1,62,'2021-02-06 15:39:08','2021-02-06 15:39:08','cat-358-0.jpg'),(359,'Essencial padrao noce california x',1,62,'2021-02-06 15:39:08','2021-02-06 15:39:08','cat-359-0.jpg'),(360,'Padrao essencial prata x',1,62,'2021-02-06 15:39:08','2021-02-06 15:39:08','cat-360-0.jpg'),(361,'Original padrao ovo x',1,63,'2021-02-06 15:39:09','2021-02-06 15:39:09','cat-361-0.jpg'),(362,'Original padrao preto x',1,63,'2021-02-06 15:39:09','2021-02-06 15:39:09','cat-362-0.jpg'),(363,'Original padrao cristal x',1,63,'2021-02-06 15:39:09','2021-02-06 15:39:09','cat-363-0.jpg'),(364,'Original padrao branco artico x',1,63,'2021-02-06 15:39:09','2021-02-06 15:39:09','cat-364-0.jpg'),(365,'Fibra nativa padrão linha quadratta',1,64,'2021-02-06 15:39:09','2021-02-06 15:39:09','cat-365-0.jpg'),(366,'Renda linha quadratta alta',1,64,'2021-02-06 15:39:09','2021-02-06 15:39:09','cat-366-0.jpg'),(367,'Cosmo inteira dpi x',1,65,'2021-02-06 15:39:09','2021-02-06 15:39:09','cat-367-0.jpg'),(368,'Atenna inteira dpi x',1,65,'2021-02-06 15:39:09','2021-02-06 15:39:09','cat-368-0.jpg'),(369,'Cumaru inteira dpi x',1,65,'2021-02-06 15:39:09','2021-02-06 15:39:09','cat-369-0.jpg'),(370,'Gaya inteira dpi x',1,65,'2021-02-06 15:39:09','2021-02-06 15:39:09','cat-370-0.jpg'),(371,'Lord inteira dpi x',1,65,'2021-02-06 15:39:09','2021-02-06 15:39:09','cat-371-0.jpg'),(372,'Beige x',1,66,'2021-02-06 15:39:09','2021-02-06 15:39:09','cat-372-0.jpg'),(373,'Cacao x',1,66,'2021-02-06 15:39:09','2021-02-06 15:39:09','cat-373-0.jpg'),(374,'Beton x',1,66,'2021-02-06 15:39:10','2021-02-06 15:39:10','cat-374-0.jpg'),(375,'Montagem masisa virginia x x',1,67,'2021-02-06 15:39:10','2021-02-06 15:39:10','cat-375-0.jpg'),(376,'Ristretto producto  x',1,67,'2021-02-06 15:39:10','2021-02-06 15:39:10','cat-376-0.jpg'),(377,'Vanilla producto  x',1,67,'2021-02-06 15:39:10','2021-02-06 15:39:10','cat-377-0.jpg'),(378,'Mdf arauco zurich x',1,67,'2021-02-06 15:39:10','2021-02-06 15:39:10','cat-378-0.jpg'),(379,'Walnut producto  x',1,67,'2021-02-06 15:39:10','2021-02-06 15:39:10','cat-379-0.jpg'),(380,'Leggero producto  x',1,67,'2021-02-06 15:39:10','2021-02-06 15:39:10','cat-380-0.jpg'),(381,'Montagem masisa malbec vanilla x x',1,67,'2021-02-06 15:39:11','2021-02-06 15:39:11','cat-381-0.jpg'),(382,'Cinza cristal producto  x',1,67,'2021-02-06 15:39:11','2021-02-06 15:39:11','cat-382-0.jpg'),(383,'Montagem masisa rovere bianco x x',1,67,'2021-02-06 15:39:11','2021-02-06 15:39:11','cat-383-0.jpg'),(384,'Montagem masisa toronto x  x',1,67,'2021-02-06 15:39:12','2021-02-06 15:39:12','cat-384-0.jpg'),(385,'Montagem masisa nebraska x x',1,67,'2021-02-06 15:39:12','2021-02-06 15:39:12','cat-385-0.jpg'),(386,'Argila producto  x',1,67,'2021-02-06 15:39:12','2021-02-06 15:39:12','cat-386-0.jpg'),(387,'Montagem masisa venezuela x x',1,67,'2021-02-06 15:39:12','2021-02-06 15:39:12','cat-387-0.jpg'),(388,'Montagem masisa vintage x x',1,67,'2021-02-06 15:39:12','2021-02-06 15:39:12','cat-388-0.jpg'),(389,'Rustic producto  x',1,68,'2021-02-06 15:39:12','2021-02-06 15:39:12','cat-389-0.jpg'),(390,'Nogal terracota producto  x',1,68,'2021-02-06 15:39:12','2021-02-06 15:39:12','cat-390-0.jpg'),(391,'Pau ferro x',1,68,'2021-02-06 15:39:12','2021-02-06 15:39:12','cat-391-0.jpg'),(392,'Zenrys x',1,68,'2021-02-06 15:39:12','2021-02-06 15:39:12','cat-392-0.jpg'),(393,'Marmara gri x x',1,68,'2021-02-06 15:39:13','2021-02-06 15:39:13','cat-393-0.jpg'),(394,'Cinzell x',1,68,'2021-02-06 15:39:13','2021-02-06 15:39:13','cat-394-0.jpg'),(395,'Montagem masisa nogueira x  x',1,68,'2021-02-06 15:39:13','2021-02-06 15:39:13','cat-395-0.jpg'),(396,'Cinzell chapa',1,68,'2021-02-06 15:39:13','2021-02-06 15:39:13','cat-396-0.jpg'),(397,'Mdf nova imbuia',1,68,'2021-02-06 15:39:13','2021-02-06 15:39:13','cat-397-0.jpg'),(398,'Marmara erik x x',1,68,'2021-02-06 15:39:13','2021-02-06 15:39:13','cat-398-0.jpg'),(399,'Taj producto  x',1,68,'2021-02-06 15:39:13','2021-02-06 15:39:13','cat-399-0.jpg'),(400,'Montagem masisa louro freijo x x',1,68,'2021-02-06 15:39:13','2021-02-06 15:39:13','cat-400-0.jpg'),(401,'Nodo producto  x',1,68,'2021-02-06 15:39:13','2021-02-06 15:39:13','cat-401-0.jpg'),(402,'Montagem masisa concreto metropolitan x x',1,68,'2021-02-06 15:39:13','2021-02-06 15:39:13','cat-402-0.jpg'),(403,'Truffel producto  x',1,68,'2021-02-06 15:39:13','2021-02-06 15:39:13','cat-403-0.jpg'),(404,'Autentic producto  x',1,68,'2021-02-06 15:39:14','2021-02-06 15:39:14','cat-404-0.jpg'),(405,'Marmara kahve x x',1,68,'2021-02-06 15:39:14','2021-02-06 15:39:14','cat-405-0.jpg'),(406,'Montagem masisa western x x',1,68,'2021-02-06 15:39:14','2021-02-06 15:39:14','cat-406-0.jpg'),(407,'Montagem masisa coll x x',1,68,'2021-02-06 15:39:14','2021-02-06 15:39:14','cat-407-0.jpg'),(408,'Nimbus x',1,68,'2021-02-06 15:39:14','2021-02-06 15:39:14','cat-408-0.jpg'),(409,'Mezzo bianco producto  x',1,68,'2021-02-06 15:39:14','2021-02-06 15:39:14','cat-409-0.jpg'),(410,'Carvalho mel chapa masisa cm x cm',1,68,'2021-02-06 15:39:14','2021-02-06 15:39:14','cat-410-0.jpg'),(411,'Montagem masisa ipe amarelo x x',1,68,'2021-02-06 15:39:15','2021-02-06 15:39:15','cat-411-0.jpg'),(412,'Mezzo castani producto  x',1,68,'2021-02-06 15:39:15','2021-02-06 15:39:15','cat-412-0.jpg'),(413,'Montagem masisa aco corten x x',1,68,'2021-02-06 15:39:15','2021-02-06 15:39:15','cat-413-0.jpg'),(414,'Sal rosa x',1,69,'2021-02-06 15:39:15','2021-02-06 15:39:15','cat-414-0.jpg'),(415,'Lino piombo producto  x',1,69,'2021-02-06 15:39:15','2021-02-06 15:39:15','cat-415-0.jpg'),(416,'Masisa azulao x x',1,69,'2021-02-06 15:39:15','2021-02-06 15:39:15','cat-416-0.jpg'),(417,'Canela producto  x',1,69,'2021-02-06 15:39:15','2021-02-06 15:39:15','cat-417-0.jpg'),(418,'Montagem masisa brancoplatinum x x',1,69,'2021-02-06 15:39:15','2021-02-06 15:39:15','cat-418-0.jpg'),(419,'Montagem masisa chamois x x',1,69,'2021-02-06 15:39:15','2021-02-06 15:39:15','cat-419-0.jpg'),(420,'Montagem masisa linho x x',1,69,'2021-02-06 15:39:15','2021-02-06 15:39:15','cat-420-0.jpg'),(421,'Cobre corten producto  x',1,69,'2021-02-06 15:39:15','2021-02-06 15:39:15','cat-421-0.jpg'),(422,'Mdf cafelatte  x',1,69,'2021-02-06 15:39:15','2021-02-06 15:39:15','cat-422-0.jpg'),(423,'Masisa brita x x',1,69,'2021-02-06 15:39:15','2021-02-06 15:39:15','cat-423-0.jpg'),(424,'Grafen producto  x',1,69,'2021-02-06 15:39:15','2021-02-06 15:39:15','cat-424-0.jpg'),(425,'Grafito producto  x',1,69,'2021-02-06 15:39:16','2021-02-06 15:39:16','cat-425-0.jpg'),(426,'Golden producto  x',1,69,'2021-02-06 15:39:16','2021-02-06 15:39:16','cat-426-0.jpg'),(427,'Masisa crema x',1,69,'2021-02-06 15:39:16','2021-02-06 15:39:16','cat-427-0.jpg'),(428,'Connect producto  x',1,69,'2021-02-06 15:39:16','2021-02-06 15:39:16','cat-428-0.jpg'),(429,'Kashmir producto  x',1,69,'2021-02-06 15:39:16','2021-02-06 15:39:16','cat-429-0.jpg'),(430,'Montagem masisa hunter x x',1,69,'2021-02-06 15:39:16','2021-02-06 15:39:16','cat-430-0.jpg'),(431,'Montagem masisa blanche x x',1,69,'2021-02-06 15:39:16','2021-02-06 15:39:16','cat-431-0.jpg'),(432,'Lino producto  x',1,69,'2021-02-06 15:39:16','2021-02-06 15:39:16','cat-432-0.jpg'),(433,'Branco supremo producto  x',1,69,'2021-02-06 15:39:16','2021-02-06 15:39:16','cat-433-0.jpg'),(434,'Lotus  x',1,69,'2021-02-06 15:39:16','2021-02-06 15:39:16','cat-434-0.jpg'),(435,'Nude producto  x',1,69,'2021-02-06 15:39:16','2021-02-06 15:39:16','cat-435-0.jpg'),(436,'Masisa bruma x',1,69,'2021-02-06 15:39:16','2021-02-06 15:39:16','cat-436-0.jpg'),(437,'Masisa névoa',1,69,'2021-02-06 15:39:16','2021-02-06 15:39:16','cat-437-0.jpg'),(438,'Espresso',1,69,'2021-02-06 15:39:16','2021-02-06 15:39:16','cat-438-0.jpg'),(439,'Frapê ',1,69,'2021-02-06 15:39:16','2021-02-06 15:39:16','cat-439-0.jpg'),(440,'Montagem masisa fabric x x',1,69,'2021-02-06 15:39:17','2021-02-06 15:39:17','cat-440-0.jpg'),(441,'Ebano producto  x',1,69,'2021-02-06 15:39:17','2021-02-06 15:39:17','cat-441-0.jpg'),(442,'Licor x',1,69,'2021-02-06 15:39:17','2021-02-06 15:39:17','cat-442-0.jpg'),(443,'Montagem masisa rubi x x',1,69,'2021-02-06 15:39:17','2021-02-06 15:39:17','cat-443-0.jpg'),(444,'Montagem masisa onix x x',1,69,'2021-02-06 15:39:17','2021-02-06 15:39:17','cat-444-0.jpg'),(445,'Lassen producto  x',1,69,'2021-02-06 15:39:17','2021-02-06 15:39:17','cat-445-0.jpg'),(446,'Mocca',1,69,'2021-02-06 15:39:17','2021-02-06 15:39:17','cat-446-0.jpg'),(447,'Montagem masisa azul x x',1,69,'2021-02-06 15:39:17','2021-02-06 15:39:17','cat-447-0.jpg'),(448,'Gris producto  x',1,69,'2021-02-06 15:39:17','2021-02-06 15:39:17','cat-448-0.jpg'),(449,'Rovere canova producto  x',1,70,'2021-02-06 15:39:17','2021-02-06 15:39:17','cat-449-0.jpg'),(450,'Mdf ciliegio',1,70,'2021-02-06 15:39:18','2021-02-06 15:39:18','cat-450-0.jpg'),(451,'Montagem masisa grigio x x',1,70,'2021-02-06 15:39:18','2021-02-06 15:39:18','cat-451-0.jpg'),(452,'Carvalho dakar producto  x',1,70,'2021-02-06 15:39:18','2021-02-06 15:39:18','cat-452-0.jpg'),(453,'Montagem masisa castanho x x',1,70,'2021-02-06 15:39:18','2021-02-06 15:39:18','cat-453-0.jpg'),(454,'Tokai producto  x',1,70,'2021-02-06 15:39:18','2021-02-06 15:39:18','cat-454-0.jpg'),(455,'Baltic producto  x',1,70,'2021-02-06 15:39:18','2021-02-06 15:39:18','cat-455-0.jpg'),(456,'Bufalo x',1,70,'2021-02-06 15:39:18','2021-02-06 15:39:18','cat-456-0.jpg'),(457,'Masisa cajueiro x x',1,70,'2021-02-06 15:39:18','2021-02-06 15:39:18','cat-457-0.jpg'),(458,'Montagem masisa tirol x x',1,70,'2021-02-06 15:39:18','2021-02-06 15:39:18','cat-458-0.jpg'),(459,'Montagem masisa camurca x x',1,70,'2021-02-06 15:39:18','2021-02-06 15:39:18','cat-459-0.jpg'),(460,'Masisa castanha branca x',1,70,'2021-02-06 15:39:18','2021-02-06 15:39:18','cat-460-0.jpg'),(461,'Montagem masisa tabaco x x',1,70,'2021-02-06 15:39:18','2021-02-06 15:39:18','cat-461-0.jpg'),(462,'Norus  x',1,70,'2021-02-06 15:39:18','2021-02-06 15:39:18','cat-462-0.jpg'),(463,'Noce naturale producto  x',1,70,'2021-02-06 15:39:18','2021-02-06 15:39:18','cat-463-0.jpg'),(464,'Montagem masisa carvalho x x',1,70,'2021-02-06 15:39:18','2021-02-06 15:39:18','cat-464-0.jpg'),(465,'Teka barcelona producto  x',1,70,'2021-02-06 15:39:19','2021-02-06 15:39:19','cat-465-0.jpg'),(466,'Tinto x',1,70,'2021-02-06 15:39:19','2021-02-06 15:39:19','cat-466-0.jpg'),(467,'Nordic producto  x',1,70,'2021-02-06 15:39:19','2021-02-06 15:39:19','cat-467-0.jpg'),(468,'Teka artico readywall x',1,70,'2021-02-06 15:39:19','2021-02-06 15:39:19','cat-468-0.jpg'),(469,'Venezia producto  x',1,70,'2021-02-06 15:39:19','2021-02-06 15:39:19','cat-469-0.jpg'),(470,'Concreto decor producto  x',1,70,'2021-02-06 15:39:19','2021-02-06 15:39:19','cat-470-0.jpg'),(471,'Bronze linha magma guararapes',1,71,'2021-02-06 15:39:19','2021-02-06 15:39:19','cat-471-0.jpg'),(472,'Vesuvio linha magma guararapes',1,71,'2021-02-06 15:39:19','2021-02-06 15:39:19','cat-472-0.jpg'),(473,'Fog linha magma guararapes',1,71,'2021-02-06 15:39:19','2021-02-06 15:39:19','cat-473-0.jpg'),(474,'Cosmos linha magma guararapes',1,71,'2021-02-06 15:39:19','2021-02-06 15:39:19','cat-474-0.jpg'),(475,'Marmo linha magma guararapes',1,71,'2021-02-06 15:39:19','2021-02-06 15:39:19','cat-475-0.jpg'),(476,'Petra linha magma guararapes',1,71,'2021-02-06 15:39:19','2021-02-06 15:39:19','cat-476-0.jpg'),(477,'Fontana linha magma guararapes',1,71,'2021-02-06 15:39:20','2021-02-06 15:39:20','cat-477-0.jpg'),(478,'Fulge linha magma guararapes',1,71,'2021-02-06 15:39:20','2021-02-06 15:39:20','cat-478-0.jpg'),(479,'Quartzo linha magma guararapes',1,71,'2021-02-06 15:39:20','2021-02-06 15:39:20','cat-479-0.jpg'),(480,'Nero dual syncro guararapes',1,72,'2021-02-06 15:39:20','2021-02-06 15:39:20','cat-480-0.jpg'),(481,'Caribe linha dual syncro guararapes',1,72,'2021-02-06 15:39:20','2021-02-06 15:39:20','cat-481-0.jpg'),(482,'Siberia linha dual syncro guararapes',1,72,'2021-02-06 15:39:20','2021-02-06 15:39:20','cat-482-0.jpg'),(483,'Baviera linha dual syncro guararapes',1,72,'2021-02-06 15:39:20','2021-02-06 15:39:20','cat-483-0.jpg'),(484,'Savana linha dual syncro guararapes',1,72,'2021-02-06 15:39:20','2021-02-06 15:39:20','cat-484-0.jpg'),(485,'Carvalho natural linha naturale guararapes',1,73,'2021-02-06 15:39:20','2021-02-06 15:39:20','cat-485-0.jpg'),(486,'Nogal champagne linha naturale guararapes',1,73,'2021-02-06 15:39:20','2021-02-06 15:39:20','cat-486-0.jpg'),(487,'New cherry linha naturale guararapes',1,73,'2021-02-06 15:39:21','2021-02-06 15:39:21','cat-487-0.jpg'),(488,'Antiqua linha naturale guararapes',1,73,'2021-02-06 15:39:21','2021-02-06 15:39:21','cat-488-0.jpg'),(489,'Bilbao linha naturale guararapes',1,73,'2021-02-06 15:39:21','2021-02-06 15:39:21','cat-489-0.jpg'),(490,'Teka bianco linha naturale guararapes',1,73,'2021-02-06 15:39:21','2021-02-06 15:39:21','cat-490-0.jpg'),(491,'Cipres linha naturale guararapes',1,73,'2021-02-06 15:39:21','2021-02-06 15:39:21','cat-491-0.jpg'),(492,'Nogal sevilha linha naturale guararapes',1,73,'2021-02-06 15:39:21','2021-02-06 15:39:21','cat-492-0.jpg'),(493,'Alabama linha dual touch guararapes',1,74,'2021-02-06 15:39:21','2021-02-06 15:39:21','cat-493-0.jpg'),(494,'Pretoria linha dual touch guararapes',1,74,'2021-02-06 15:39:21','2021-02-06 15:39:21','cat-494-0.jpg'),(495,'Paris linha dual touch guararapes',1,74,'2021-02-06 15:39:21','2021-02-06 15:39:21','cat-495-0.jpg'),(496,'Dual black linha dual touch guararapes',1,74,'2021-02-06 15:39:21','2021-02-06 15:39:21','cat-496-0.jpg'),(497,'Elmo dubai linha dual touch guararapes',1,74,'2021-02-06 15:39:21','2021-02-06 15:39:21','cat-497-0.jpg'),(498,'Lisboa linha dual touch',1,74,'2021-02-06 15:39:21','2021-02-06 15:39:21','cat-498-0.jpg'),(499,'Antuerpia linha dual touch',1,74,'2021-02-06 15:39:21','2021-02-06 15:39:21','cat-499-0.jpg'),(500,'Cinza urban linha colors guararapes',1,75,'2021-02-06 15:39:22','2021-02-06 15:39:22','cat-500-0.jpg'),(501,'Pixel linha colors guararapes',1,75,'2021-02-06 15:39:22','2021-02-06 15:39:22','cat-501-0.jpg'),(502,'Capuccino linha colors guararapes',1,75,'2021-02-06 15:39:22','2021-02-06 15:39:22','cat-502-0.jpg'),(503,'Niquel linha colors guararapes',1,75,'2021-02-06 15:39:22','2021-02-06 15:39:22','cat-503-0.jpg'),(504,'Terracota linha colors guararapes',1,75,'2021-02-06 15:39:22','2021-02-06 15:39:22','cat-504-0.jpg'),(505,'Alecrim linha colors guararapes',1,75,'2021-02-06 15:39:22','2021-02-06 15:39:22','cat-505-0.jpg'),(506,'Marsala linha colors guararapes',1,75,'2021-02-06 15:39:22','2021-02-06 15:39:22','cat-506-0.jpg'),(507,'Rosa milkshake linha colors guararapes',1,75,'2021-02-06 15:39:22','2021-02-06 15:39:22','cat-507-0.jpg'),(508,'Azul petroleo linha colors guararapes',1,75,'2021-02-06 15:39:22','2021-02-06 15:39:22','cat-508-0.jpg'),(509,'Maxi branco linha colors guararapes',1,75,'2021-02-06 15:39:22','2021-02-06 15:39:22','cat-509-0.jpg'),(510,'Areia linha colors guararapes',1,75,'2021-02-06 15:39:22','2021-02-06 15:39:22','cat-510-0.jpg'),(511,'Tijolo linha colors guararapes',1,75,'2021-02-06 15:39:22','2021-02-06 15:39:22','cat-511-0.jpg'),(512,'Ouro linha colors guararapes',1,75,'2021-02-06 15:39:22','2021-02-06 15:39:22','cat-512-0.jpg'),(513,'Grafite linha colors guararapes',1,75,'2021-02-06 15:39:22','2021-02-06 15:39:22','cat-513-0.jpg'),(514,'Corten linha metalic guararapes',1,76,'2021-02-06 15:39:23','2021-02-06 15:39:23','cat-514-0.jpg'),(515,'Onix linha metalic guararapes',1,76,'2021-02-06 15:39:23','2021-02-06 15:39:23','cat-515-0.jpg'),(516,'Cobre linha metalic guararapes',1,76,'2021-02-06 15:39:23','2021-02-06 15:39:23','cat-516-0.jpg'),(517,'Berinjela linha metalic guararapes',1,76,'2021-02-06 15:39:23','2021-02-06 15:39:23','cat-517-0.jpg'),(518,'Imbuia linha madeiras do brasil guararapes',1,77,'2021-02-06 15:39:23','2021-02-06 15:39:23','cat-518-0.jpg'),(519,'Curupixa linha madeiras do brasil guararapes',1,77,'2021-02-06 15:39:23','2021-02-06 15:39:23','cat-519-0.jpg'),(520,'Tauari linha madeiras do brasil guararapes',1,77,'2021-02-06 15:39:23','2021-02-06 15:39:23','cat-520-0.jpg'),(521,'Ipe linha madeiras do brasil guararapes',1,77,'2021-02-06 15:39:23','2021-02-06 15:39:23','cat-521-0.jpg'),(522,'Pau ferro linha madeiras do brasil guararapes',1,77,'2021-02-06 15:39:23','2021-02-06 15:39:23','cat-522-0.jpg'),(523,'Freijo linha madeira do brasil guararapes',1,77,'2021-02-06 15:39:23','2021-02-06 15:39:23','cat-523-0.jpg'),(524,'Branco iceland linha comfort guararapes',1,78,'2021-02-06 15:39:23','2021-02-06 15:39:23','cat-524-0.jpg'),(525,'Nevada linha comfort guarrarapes',1,78,'2021-02-06 15:39:23','2021-02-06 15:39:23','cat-525-0.jpg'),(526,'Milano linha comfort guararapes',1,78,'2021-02-06 15:39:24','2021-02-06 15:39:24','cat-526-0.jpg'),(527,'Papyrus linha comfort guararapes',1,78,'2021-02-06 15:39:24','2021-02-06 15:39:24','cat-527-0.jpg'),(528,'Canovas linha comfort guararapes',1,78,'2021-02-06 15:39:24','2021-02-06 15:39:24','cat-528-0.jpg'),(529,'Tela linha comfort guararapes',1,78,'2021-02-06 15:39:24','2021-02-06 15:39:24','cat-529-0.jpg'),(530,'Preto silk linha comfort guararapes',1,78,'2021-02-06 15:39:24','2021-02-06 15:39:24','cat-530-0.jpg'),(531,'Fendi linha comfort guararapes',1,78,'2021-02-06 15:39:24','2021-02-06 15:39:24','cat-531-0.jpg'),(532,'Santorini linha comfort guararapes',1,78,'2021-02-06 15:39:24','2021-02-06 15:39:24','cat-532-0.jpg');
/*!40000 ALTER TABLE `cor` ENABLE KEYS */;
UNLOCK TABLES;
/*!40103 SET TIME_ZONE=@OLD_TIME_ZONE */;

/*!40101 SET SQL_MODE=@OLD_SQL_MODE */;
/*!40014 SET FOREIGN_KEY_CHECKS=@OLD_FOREIGN_KEY_CHECKS */;
/*!40014 SET UNIQUE_CHECKS=@OLD_UNIQUE_CHECKS */;
/*!40101 SET CHARACTER_SET_CLIENT=@OLD_CHARACTER_SET_CLIENT */;
/*!40101 SET CHARACTER_SET_RESULTS=@OLD_CHARACTER_SET_RESULTS */;
/*!40101 SET COLLATION_CONNECTION=@OLD_COLLATION_CONNECTION */;
/*!40111 SET SQL_NOTES=@OLD_SQL_NOTES */;

-- Dump completed on 2021-02-10 21:23:57

 SET FOREIGN_KEY_CHECKS=1;
